INDEX,HOST
0,192.168.215.85
1,192.168.248.203
2,192.168.155.75
3,192.168.183.82
4,192.168.111.215
5,192.168.144.77
6,192.168.48.141
7,192.168.128.66
8,192.168.75.62
9,192.168.37.193
10,192.168.169.15
11,192.168.51.143
12,192.168.161.228
13,192.168.104.177
14,192.168.244.58
15,192.168.133.95
16,192.168.7.48
17,192.168.204.50
18,192.168.0.149
19,192.168.170.144
20,192.168.166.129
21,192.168.32.63
22,192.168.113.131
23,192.168.72.245
24,192.168.229.92
25,192.168.163.222
26,192.168.250.131
27,192.168.149.9
28,192.168.170.94
29,192.168.104.10
30,192.168.147.71
31,192.168.197.17
32,192.168.123.245
33,192.168.96.247
34,192.168.16.225
35,192.168.133.38
36,192.168.45.253
37,192.168.66.172
38,192.168.19.200
39,192.168.200.87
40,192.168.141.31
41,192.168.120.147
42,192.168.214.190
43,192.168.230.176
44,192.168.182.248
45,192.168.59.15
46,192.168.171.168
47,192.168.124.111
48,192.168.138.197
49,192.168.112.224
50,192.168.87.73
51,192.168.31.215
52,192.168.74.239
53,192.168.112.3
54,192.168.37.226
55,192.168.96.133
56,192.168.61.72
57,192.168.189.130
58,192.168.59.106
59,192.168.11.19
60,192.168.94.180
61,192.168.245.94
62,192.168.31.70
63,192.168.11.170
64,192.168.51.247
65,192.168.35.215
66,192.168.154.36
67,192.168.92.82
68,192.168.239.43
69,192.168.51.171
70,192.168.200.85
71,192.168.183.148
72,192.168.240.192
73,192.168.86.190
74,192.168.104.37
75,192.168.29.184
76,192.168.81.0
77,192.168.175.67
78,192.168.60.3
79,192.168.226.118
80,192.168.6.194
81,192.168.209.223
82,192.168.159.117
83,192.168.198.252
84,192.168.128.122
85,192.168.6.94
86,192.168.40.124
87,192.168.23.101
88,192.168.69.9
89,192.168.246.178
90,192.168.147.100
91,192.168.67.194
92,192.168.198.170
93,192.168.41.84
94,192.168.98.118
95,192.168.81.245
96,192.168.229.113
97,192.168.212.45
98,192.168.214.33
99,192.168.23.243
100,192.168.32.181
101,192.168.80.188
102,192.168.249.122
103,192.168.0.9
104,192.168.253.57
105,192.168.239.12
106,192.168.212.140
107,192.168.42.188
108,192.168.66.211
109,192.168.205.186
110,192.168.213.192
111,192.168.109.83
112,192.168.1.53
113,192.168.50.16
114,192.168.101.163
115,192.168.143.89
116,192.168.93.76
117,192.168.203.27
118,192.168.11.47
119,192.168.231.236
120,192.168.59.71
121,192.168.68.79
122,192.168.177.176
123,192.168.79.18
124,192.168.9.130
125,192.168.105.86
126,192.168.161.34
127,192.168.21.129
128,192.168.253.45
129,192.168.234.214
130,192.168.190.177
131,192.168.91.72
132,192.168.149.2
133,192.168.77.82
134,192.168.172.206
135,192.168.47.250
136,192.168.18.66
137,192.168.83.229
138,192.168.148.61
139,192.168.66.96
140,192.168.244.196
141,192.168.24.181
142,192.168.36.72
143,192.168.168.51
144,192.168.55.161
145,192.168.246.92
146,192.168.175.243
147,192.168.59.101
148,192.168.218.98
149,192.168.171.143
150,192.168.79.179
151,192.168.192.74
152,192.168.44.129
153,192.168.43.89
154,192.168.113.46
155,192.168.4.5
156,192.168.148.99
157,192.168.250.44
158,192.168.111.59
159,192.168.188.149
160,192.168.133.150
161,192.168.85.74
162,192.168.183.143
163,192.168.14.36
164,192.168.231.57
165,192.168.103.67
166,192.168.203.192
167,192.168.21.142
168,192.168.110.137
169,192.168.53.146
170,192.168.193.141
171,192.168.77.123
172,192.168.249.206
173,192.168.207.211
174,192.168.216.178
175,192.168.253.165
176,192.168.165.25
177,192.168.255.78
178,192.168.103.107
179,192.168.112.3
180,192.168.162.242
181,192.168.18.40
182,192.168.131.134
183,192.168.79.210
184,192.168.150.185
185,192.168.240.220
186,192.168.43.86
187,192.168.20.46
188,192.168.66.208
189,192.168.7.211
190,192.168.229.173
191,192.168.82.69
192,192.168.235.229
193,192.168.195.179
194,192.168.17.54
195,192.168.39.24
196,192.168.105.134
197,192.168.213.239
198,192.168.246.228
199,192.168.198.242
200,192.168.119.150
201,192.168.10.124
202,192.168.0.31
203,192.168.154.217
204,192.168.130.72
205,192.168.252.173
206,192.168.155.9
207,192.168.196.176
208,192.168.31.224
209,192.168.65.48
210,192.168.171.5
211,192.168.18.101
212,192.168.72.36
213,192.168.41.202
214,192.168.77.128
215,192.168.180.158
216,192.168.238.188
217,192.168.24.20
218,192.168.77.128
219,192.168.67.241
220,192.168.53.232
221,192.168.177.126
222,192.168.251.11
223,192.168.30.205
224,192.168.239.51
225,192.168.172.252
226,192.168.151.191
227,192.168.65.20
228,192.168.198.121
229,192.168.62.60
230,192.168.96.213
231,192.168.200.183
232,192.168.97.134
233,192.168.38.146
234,192.168.20.120
235,192.168.13.165
236,192.168.110.148
237,192.168.215.24
238,192.168.58.21
239,192.168.216.23
240,192.168.53.163
241,192.168.50.203
242,192.168.79.243
243,192.168.15.184
244,192.168.220.183
245,192.168.15.109
246,192.168.166.36
247,192.168.40.54
248,192.168.62.37
249,192.168.15.10
250,192.168.91.22
251,192.168.118.3
252,192.168.36.26
253,192.168.73.93
254,192.168.104.218
255,192.168.63.18
256,192.168.150.38
257,192.168.12.158
258,192.168.119.57
259,192.168.95.189
260,192.168.244.17
261,192.168.132.53
262,192.168.106.142
263,192.168.242.93
264,192.168.151.186
265,192.168.167.106
266,192.168.41.95
267,192.168.157.147
268,192.168.75.57
269,192.168.114.21
270,192.168.124.85
271,192.168.94.45
272,192.168.214.238
273,192.168.67.180
274,192.168.201.160
275,192.168.37.123
276,192.168.153.73
277,192.168.72.217
278,192.168.152.151
279,192.168.43.74
280,192.168.189.15
281,192.168.29.159
282,192.168.4.80
283,192.168.164.46
284,192.168.190.65
285,192.168.241.24
286,192.168.94.244
287,192.168.141.207
288,192.168.78.201
289,192.168.228.111
290,192.168.94.234
291,192.168.221.9
292,192.168.232.42
293,192.168.72.254
294,192.168.44.73
295,192.168.104.67
296,192.168.229.238
297,192.168.3.251
298,192.168.58.154
299,192.168.154.49
300,192.168.79.252
301,192.168.241.95
302,192.168.254.207
303,192.168.118.248
304,192.168.207.132
305,192.168.11.17
306,192.168.20.194
307,192.168.203.254
308,192.168.202.223
309,192.168.129.85
310,192.168.100.94
311,192.168.18.38
312,192.168.134.100
313,192.168.174.6
314,192.168.127.131
315,192.168.83.189
316,192.168.148.82
317,192.168.68.210
318,192.168.107.169
319,192.168.210.84
320,192.168.206.140
321,192.168.142.166
322,192.168.190.93
323,192.168.70.143
324,192.168.61.180
325,192.168.239.150
326,192.168.153.17
327,192.168.242.1
328,192.168.111.159
329,192.168.162.240
330,192.168.30.213
331,192.168.73.30
332,192.168.26.212
333,192.168.110.114
334,192.168.241.108
335,192.168.5.45
336,192.168.34.6
337,192.168.41.169
338,192.168.202.76
339,192.168.21.21
340,192.168.1.234
341,192.168.149.198
342,192.168.116.16
343,192.168.147.106
344,192.168.222.55
345,192.168.169.15
346,192.168.169.80
347,192.168.222.219
348,192.168.75.133
349,192.168.66.41
350,192.168.95.167
351,192.168.199.26
352,192.168.251.225
353,192.168.112.184
354,192.168.224.232
355,192.168.25.126
356,192.168.17.9
357,192.168.43.88
358,192.168.186.43
359,192.168.88.196
360,192.168.152.85
361,192.168.145.160
362,192.168.180.197
363,192.168.27.158
364,192.168.220.120
365,192.168.250.251
366,192.168.243.136
367,192.168.136.32
368,192.168.26.232
369,192.168.1.251
370,192.168.3.166
371,192.168.219.1
372,192.168.203.3
373,192.168.113.35
374,192.168.173.211
375,192.168.43.214
376,192.168.165.86
377,192.168.166.121
378,192.168.22.181
379,192.168.41.4
380,192.168.177.5
381,192.168.103.58
382,192.168.154.70
383,192.168.196.243
384,192.168.176.24
385,192.168.122.220
386,192.168.37.9
387,192.168.253.152
388,192.168.24.77
389,192.168.211.1
390,192.168.235.200
391,192.168.43.213
392,192.168.50.140
393,192.168.78.190
394,192.168.109.75
395,192.168.39.127
396,192.168.201.248
397,192.168.92.91
398,192.168.112.170
399,192.168.142.216
400,192.168.163.162
401,192.168.54.238
402,192.168.146.45
403,192.168.103.1
404,192.168.226.49
405,192.168.236.149
406,192.168.133.160
407,192.168.8.122
408,192.168.50.163
409,192.168.212.78
410,192.168.145.177
411,192.168.3.76
412,192.168.219.70
413,192.168.62.91
414,192.168.139.131
415,192.168.183.194
416,192.168.144.120
417,192.168.122.243
418,192.168.157.115
419,192.168.119.154
420,192.168.245.229
421,192.168.87.191
422,192.168.7.239
423,192.168.167.224
424,192.168.12.242
425,192.168.202.137
426,192.168.90.128
427,192.168.39.37
428,192.168.105.186
429,192.168.254.84
430,192.168.109.74
431,192.168.67.166
432,192.168.196.235
433,192.168.67.220
434,192.168.55.77
435,192.168.13.81
436,192.168.183.156
437,192.168.158.13
438,192.168.112.173
439,192.168.83.121
440,192.168.253.73
441,192.168.246.58
442,192.168.40.84
443,192.168.205.191
444,192.168.162.1
445,192.168.196.167
446,192.168.106.213
447,192.168.127.204
448,192.168.225.228
449,192.168.115.171
450,192.168.83.29
451,192.168.182.116
452,192.168.29.202
453,192.168.77.108
454,192.168.251.114
455,192.168.12.147
456,192.168.6.94
457,192.168.167.65
458,192.168.31.243
459,192.168.216.101
460,192.168.110.220
461,192.168.72.187
462,192.168.90.151
463,192.168.209.56
464,192.168.209.141
465,192.168.236.224
466,192.168.62.196
467,192.168.199.213
468,192.168.70.197
469,192.168.75.220
470,192.168.121.137
471,192.168.90.64
472,192.168.11.64
473,192.168.86.114
474,192.168.86.45
475,192.168.218.182
476,192.168.53.18
477,192.168.234.62
478,192.168.20.129
479,192.168.192.198
480,192.168.18.152
481,192.168.183.123
482,192.168.77.54
483,192.168.182.44
484,192.168.207.54
485,192.168.252.16
486,192.168.7.145
487,192.168.147.146
488,192.168.17.226
489,192.168.134.95
490,192.168.19.156
491,192.168.61.114
492,192.168.253.244
493,192.168.139.205
494,192.168.17.140
495,192.168.148.93
496,192.168.106.8
497,192.168.174.57
498,192.168.128.83
499,192.168.168.172
